Bảng B1 · Đồ thị luồng điều khiển và độ phức tạp,Bảng B1 · Đồ thị luồng điều khiển và độ phức tạp.1,Bảng B1 · Đồ thị luồng điều khiển và độ phức tạp.2,Bảng B1 · Đồ thị luồng điều khiển và độ phức tạp.3,Bảng B1 · Đồ thị luồng điều khiển và độ phức tạp.4,Bảng B1 · Đồ thị luồng điều khiển và độ phức tạp.5,Bảng B1 · Đồ thị luồng điều khiển và độ phức tạp.6,Bảng B1 · Đồ thị luồng điều khiển và độ phức tạp.7,Bảng B1 · Đồ thị luồng điều khiển và độ phức tạp.8
"CFG Graph để lại theo yêu cầu. Bảng này chỉ tổng hợp các chỉ số N, E, P, R và V(G) từ các hàm được chọn.","CFG Graph để lại theo yêu cầu. Bảng này chỉ tổng hợp các chỉ số N, E, P, R và V(G) từ các hàm được chọn.","CFG Graph để lại theo yêu cầu. Bảng này chỉ tổng hợp các chỉ số N, E, P, R và V(G) từ các hàm được chọn.","CFG Graph để lại theo yêu cầu. Bảng này chỉ tổng hợp các chỉ số N, E, P, R và V(G) từ các hàm được chọn.","CFG Graph để lại theo yêu cầu. Bảng này chỉ tổng hợp các chỉ số N, E, P, R và V(G) từ các hàm được chọn.","CFG Graph để lại theo yêu cầu. Bảng này chỉ tổng hợp các chỉ số N, E, P, R và V(G) từ các hàm được chọn.","CFG Graph để lại theo yêu cầu. Bảng này chỉ tổng hợp các chỉ số N, E, P, R và V(G) từ các hàm được chọn.","CFG Graph để lại theo yêu cầu. Bảng này chỉ tổng hợp các chỉ số N, E, P, R và V(G) từ các hàm được chọn.","CFG Graph để lại theo yêu cầu. Bảng này chỉ tổng hợp các chỉ số N, E, P, R và V(G) từ các hàm được chọn."
,,,,,,,,
HÀM,Nút N,Cạnh E,Nút điều kiện P,Miền R,V(G)=E−N+2,V(G)=P+1,V(G)=R,Số test tối thiểu
calculatePercent(),4,4,1,2,2,2,2,2
isNodeLocked(),14,19,6,7,7,7,7,7
,,,,,,,,
Ghi chú: calculatePercent() dùng đúng số liệu mẫu của đề. isNodeLocked() được tổng hợp theo 6 decision/branch trong method; CFG Graph chi tiết không đưa vào workbook này.,Ghi chú: calculatePercent() dùng đúng số liệu mẫu của đề. isNodeLocked() được tổng hợp theo 6 decision/branch trong method; CFG Graph chi tiết không đưa vào workbook này.,Ghi chú: calculatePercent() dùng đúng số liệu mẫu của đề. isNodeLocked() được tổng hợp theo 6 decision/branch trong method; CFG Graph chi tiết không đưa vào workbook này.,Ghi chú: calculatePercent() dùng đúng số liệu mẫu của đề. isNodeLocked() được tổng hợp theo 6 decision/branch trong method; CFG Graph chi tiết không đưa vào workbook này.,Ghi chú: calculatePercent() dùng đúng số liệu mẫu của đề. isNodeLocked() được tổng hợp theo 6 decision/branch trong method; CFG Graph chi tiết không đưa vào workbook này.,Ghi chú: calculatePercent() dùng đúng số liệu mẫu của đề. isNodeLocked() được tổng hợp theo 6 decision/branch trong method; CFG Graph chi tiết không đưa vào workbook này.,Ghi chú: calculatePercent() dùng đúng số liệu mẫu của đề. isNodeLocked() được tổng hợp theo 6 decision/branch trong method; CFG Graph chi tiết không đưa vào workbook này.,Ghi chú: calculatePercent() dùng đúng số liệu mẫu của đề. isNodeLocked() được tổng hợp theo 6 decision/branch trong method; CFG Graph chi tiết không đưa vào workbook này.,Ghi chú: calculatePercent() dùng đúng số liệu mẫu của đề. isNodeLocked() được tổng hợp theo 6 decision/branch trong method; CFG Graph chi tiết không đưa vào workbook này.
,,,,,,,,
Nguồn: RoadmapService.java,,,,,,,,
